Symbol,RSI,Date,Time Frame
BTC,47.11214524584673,2024-08-10 18:55:59,1d
ETH,36.55405657214223,2024-08-10 18:55:59,1d
BNB,43.92837758723611,2024-08-10 18:55:59,1d
SOL,48.24013268665067,2024-08-10 18:55:59,1d
XRP,55.63258148734475,2024-08-10 18:55:59,1d
DOGE,41.140706273825835,2024-08-10 18:55:59,1d
ADA,40.756456198132874,2024-08-10 18:55:59,1d
TRX,50.438342695427515,2024-08-10 18:55:59,1d
AVAX,40.00684788483844,2024-08-10 18:55:59,1d
SHIB,38.25580125517162,2024-08-10 18:55:59,1d
BCH,46.26446393569529,2024-08-10 18:55:59,1d
DOT,36.87902364954288,2024-08-10 18:55:59,1d
LINK,38.73423302586086,2024-08-10 18:55:59,1d
UNI,38.80089657086362,2024-08-10 18:55:59,1d
LTC,40.57289131002484,2024-08-10 18:55:59,1d
NEAR,37.57477549344318,2024-08-10 18:55:59,1d
MATIC,39.45166495426721,2024-08-10 18:55:59,1d
PEPE,40.5720494589876,2024-08-10 18:55:59,1d
ICP,39.6084569132536,2024-08-10 18:55:59,1d
XLM,54.666806634657256,2024-08-10 18:55:59,1d
APT,51.05589304017372,2024-08-10 18:55:59,1d
ETC,40.09137325212161,2024-08-10 18:55:59,1d
SUI,66.59737179377308,2024-08-10 18:55:59,1d
STX,43.69414724363196,2024-08-10 18:55:59,1d
FIL,44.21759234556485,2024-08-10 18:55:59,1d
FET,32.548201142760334,2024-08-10 18:55:59,1d
TAO,49.60748805020859,2024-08-10 18:55:59,1d
ATOM,39.035744399939475,2024-08-10 18:55:59,1d
HBAR,38.46481198524518,2024-08-10 18:55:59,1d
ARB,40.56692670282703,2024-08-10 18:55:59,1d
VET,40.922199008023604,2024-08-10 18:55:59,1d
FDUSD,45.662096830299454,2024-08-10 18:55:59,1d
RENDER,38.806064926959124,2024-08-10 18:55:59,1d
IMX,41.77135066215283,2024-08-10 18:55:59,1d
MKR,35.80025752684023,2024-08-10 18:55:59,1d
INJ,42.945858654644645,2024-08-10 18:55:59,1d
WIF,45.387929328626825,2024-08-10 18:55:59,1d
OP,43.319837532317436,2024-08-10 18:55:59,1d
BONK,41.36739328646323,2024-08-10 18:55:59,1d
AR,37.697312550662254,2024-08-10 18:55:59,1d
AAVE,45.46657554137423,2024-08-10 18:55:59,1d
GRT,35.53803749285845,2024-08-10 18:55:59,1d
NOT,46.537033685606396,2024-08-10 18:55:59,1d
FLOKI,38.346957359639966,2024-08-10 18:55:59,1d
TIA,52.89006357776712,2024-08-10 18:55:59,1d
THETA,40.47974880452346,2024-08-10 18:55:59,1d
JUP,46.89883444225955,2024-08-10 18:55:59,1d
RUNE,39.98156743794838,2024-08-10 18:55:59,1d
PYTH,47.014201292833185,2024-08-10 18:55:59,1d
JASMY,40.034588278904614,2024-08-10 18:55:59,1d
ALGO,39.704661676585125,2024-08-10 18:55:59,1d
FTM,40.11433815073813,2024-08-10 18:55:59,1d
SEI,48.40890800247696,2024-08-10 18:55:59,1d
LDO,33.48006925784131,2024-08-10 18:55:59,1d
QNT,46.81326219234642,2024-08-10 18:55:59,1d
OM,46.19692183156259,2024-08-10 18:55:59,1d
FLOW,44.26466985697945,2024-08-10 18:55:59,1d
EGLD,41.71638980965719,2024-08-10 18:55:59,1d
EOS,40.456201975378235,2024-08-10 18:55:59,1d
AXS,40.10203793872963,2024-08-10 18:55:59,1d
NEO,43.825517583900485,2024-08-10 18:55:59,1d
XTZ,42.95407549163096,2024-08-10 18:55:59,1d
DYDX,39.22670106490083,2024-08-10 18:55:59,1d
BTC,46.822911597510945,2024-08-10 19:05:50,1d
ETH,35.992722391873016,2024-08-10 19:05:50,1d
BNB,43.636496089185954,2024-08-10 19:05:50,1d
SOL,47.94032590159888,2024-08-10 19:05:50,1d
XRP,55.47095523618015,2024-08-10 19:05:50,1d
DOGE,40.8406080979782,2024-08-10 19:05:50,1d
ADA,40.57035575909657,2024-08-10 19:05:50,1d
TRX,50.24931669443058,2024-08-10 19:05:50,1d
AVAX,39.78947999243064,2024-08-10 19:05:50,1d
SHIB,38.03377538425817,2024-08-10 19:05:50,1d
BCH,45.863366743506916,2024-08-10 19:05:50,1d
DOT,36.69195976458545,2024-08-10 19:05:50,1d
LINK,38.472577868391404,2024-08-10 19:05:50,1d
UNI,38.625753458501265,2024-08-10 19:05:50,1d
LTC,40.212905999732094,2024-08-10 19:05:50,1d
NEAR,37.16721923753211,2024-08-10 19:05:50,1d
MATIC,39.10682823768539,2024-08-10 19:05:50,1d
PEPE,40.36951366883025,2024-08-10 19:05:50,1d
ICP,39.261275320896814,2024-08-10 19:05:50,1d
XLM,54.90452489542256,2024-08-10 19:05:50,1d
APT,50.063745911498664,2024-08-10 19:05:50,1d
ETC,39.900808365871185,2024-08-10 19:05:50,1d
SUI,66.44196888387398,2024-08-10 19:05:50,1d
STX,43.565926509501395,2024-08-10 19:05:50,1d
FIL,43.92866152290169,2024-08-10 19:05:50,1d
FET,32.341724749894254,2024-08-10 19:05:50,1d
TAO,49.15818478029504,2024-08-10 19:05:50,1d
ATOM,38.93297410592059,2024-08-10 19:05:50,1d
HBAR,38.23867174179072,2024-08-10 19:05:50,1d
ARB,40.30961617416741,2024-08-10 19:05:50,1d
VET,40.773143963322596,2024-08-10 19:05:50,1d
FDUSD,45.662096830299454,2024-08-10 19:05:50,1d
RENDER,38.69117224534062,2024-08-10 19:05:50,1d
IMX,41.44502009670335,2024-08-10 19:05:50,1d
MKR,35.60667013467153,2024-08-10 19:05:50,1d
INJ,42.76045459383282,2024-08-10 19:05:50,1d
WIF,45.064400783635726,2024-08-10 19:05:50,1d
OP,42.919722547072325,2024-08-10 19:05:50,1d
BONK,41.152041391124094,2024-08-10 19:05:50,1d
AR,37.48324904997361,2024-08-10 19:05:50,1d
AAVE,45.133153980312514,2024-08-10 19:05:50,1d
GRT,35.41489912173391,2024-08-10 19:05:50,1d
NOT,46.314624658813756,2024-08-10 19:05:50,1d
FLOKI,38.118403110565545,2024-08-10 19:05:50,1d
TIA,51.99459003202102,2024-08-10 19:05:50,1d
THETA,40.168725247483835,2024-08-10 19:05:50,1d
JUP,46.57016592188308,2024-08-10 19:05:50,1d
RUNE,39.756246492798226,2024-08-10 19:05:50,1d
PYTH,46.76612120090325,2024-08-10 19:05:50,1d
JASMY,39.864739806778154,2024-08-10 19:05:50,1d
ALGO,39.49133596515356,2024-08-10 19:05:50,1d
FTM,39.6601313191008,2024-08-10 19:05:50,1d
SEI,48.20212066637993,2024-08-10 19:05:50,1d
LDO,33.24644631183631,2024-08-10 19:05:50,1d
QNT,46.42433000582655,2024-08-10 19:05:50,1d
OM,46.0354362585652,2024-08-10 19:05:50,1d
FLOW,43.92541393619865,2024-08-10 19:05:50,1d
EGLD,41.260739341809824,2024-08-10 19:05:50,1d
EOS,40.3584559196334,2024-08-10 19:05:50,1d
AXS,39.78364303559508,2024-08-10 19:05:50,1d
NEO,43.46402458191711,2024-08-10 19:05:50,1d
XTZ,43.10905181437941,2024-08-10 19:05:50,1d
DYDX,39.02604159784102,2024-08-10 19:05:50,1d
